timestamp_s,cwnd_bytes,ssthresh_bytes,state
0.0010,1200,2147483648,SS
0.0442,2380,2147483648,SS
0.0444,3560,2147483648,SS
0.0848,4740,2147483648,SS
0.0851,5920,2147483648,SS
0.0852,7100,2147483648,SS
0.0853,8280,2147483648,SS
0.1256,9460,2147483648,SS
0.1258,10640,2147483648,SS
0.1259,11820,2147483648,SS
0.1260,13000,2147483648,SS
0.1263,14180,2147483648,SS
0.1264,15360,2147483648,SS
0.1265,16540,2147483648,SS
0.1266,17720,2147483648,SS
0.1662,18900,2147483648,SS
0.1663,20080,2147483648,SS
0.1663,21260,2147483648,SS
0.1663,22440,2147483648,SS
0.1667,23620,2147483648,SS
0.1668,24800,2147483648,SS
0.1668,25980,2147483648,SS
0.1669,27160,2147483648,SS
0.1669,28340,2147483648,SS
0.1669,29520,2147483648,SS
0.1670,30700,2147483648,SS
0.1670,31880,2147483648,SS
0.1671,33060,2147483648,SS
0.1672,34240,2147483648,SS
0.1672,35420,2147483648,SS
0.1673,36600,2147483648,SS
0.2105,37780,2147483648,SS
0.2107,38960,2147483648,SS
0.2109,40140,2147483648,SS
0.2110,41320,2147483648,SS
0.2111,42500,2147483648,SS
0.2112,43680,2147483648,SS
0.2113,44860,2147483648,SS
0.2115,46040,2147483648,SS
0.2116,47220,2147483648,SS
0.2117,48400,2147483648,SS
0.2118,49580,2147483648,SS
0.2120,50760,2147483648,SS
0.2122,51940,2147483648,SS
0.2124,53120,2147483648,SS
0.2126,54300,2147483648,SS
0.2129,55480,2147483648,SS
0.2131,56660,2147483648,SS
0.2133,57840,2147483648,SS
0.2135,59020,2147483648,SS
0.2138,60200,2147483648,SS
0.2139,61380,2147483648,SS
0.2142,62560,2147483648,SS
0.2144,63740,2147483648,SS
0.2146,64920,2147483648,SS
0.2148,66100,2147483648,SS
0.2150,67280,2147483648,SS
0.2152,68460,2147483648,SS
0.2154,69640,2147483648,SS
0.2155,70820,2147483648,SS
0.2157,72000,2147483648,SS
0.2158,73180,2147483648,SS
0.2160,74360,2147483648,SS
0.2520,75540,2147483648,SS
0.2521,76720,2147483648,SS
0.2522,77900,2147483648,SS
0.2523,79080,2147483648,SS
0.2523,80260,2147483648,SS
0.2524,81440,2147483648,SS
0.2524,82620,2147483648,SS
0.2525,83800,2147483648,SS
0.2526,84980,2147483648,SS
0.2526,86160,2147483648,SS
0.2527,87340,2147483648,SS
0.2528,88520,2147483648,SS
0.2528,89700,2147483648,SS
0.2529,90880,2147483648,SS
0.2529,92060,2147483648,SS
0.2530,93240,2147483648,SS
0.2531,94420,2147483648,SS
0.2531,95600,2147483648,SS
0.2532,96780,2147483648,SS
0.2533,97960,2147483648,SS
0.2533,99140,2147483648,SS
0.2534,100320,2147483648,SS
0.2535,101500,2147483648,SS
0.2569,102680,2147483648,SS
0.2570,103860,2147483648,SS
0.2572,105040,2147483648,SS
0.2573,106220,2147483648,SS
0.2574,107400,2147483648,SS
0.2576,108580,2147483648,SS
0.2577,109760,2147483648,SS
0.2578,110940,2147483648,SS
0.2579,112120,2147483648,SS
0.2580,113300,2147483648,SS
0.2582,114480,2147483648,SS
0.2583,115660,2147483648,SS
0.2584,116840,2147483648,SS
0.2586,118020,2147483648,SS
0.2586,119200,2147483648,SS
0.2587,120380,2147483648,SS
0.2588,121560,2147483648,SS
0.2588,122740,2147483648,SS
0.2589,123920,2147483648,SS
0.2590,125100,2147483648,SS
0.2591,126280,2147483648,SS
0.2594,127460,2147483648,SS
0.2595,128640,2147483648,SS
0.2595,129820,2147483648,SS
0.2596,131000,2147483648,SS
0.2597,132180,2147483648,SS
0.2597,133360,2147483648,SS
0.2598,134540,2147483648,SS
0.2599,135720,2147483648,SS
0.2600,136900,2147483648,SS
0.2600,138080,2147483648,SS
0.2601,139260,2147483648,SS
0.2602,140440,2147483648,SS
0.2603,141620,2147483648,SS
0.2604,142800,2147483648,SS
0.2604,143980,2147483648,SS
0.2605,145160,2147483648,SS
0.2606,146340,2147483648,SS
0.2608,147520,2147483648,SS
0.2609,148700,2147483648,SS
0.2610,149880,2147483648,SS
0.2925,151060,2147483648,SS
0.2927,152240,2147483648,SS
0.2929,153420,2147483648,SS
0.2931,154600,2147483648,SS
0.2932,155780,2147483648,SS
0.2934,156960,2147483648,SS
0.2935,158140,2147483648,SS
0.2937,159320,2147483648,SS
0.2938,160500,2147483648,SS
0.2940,161680,2147483648,SS
0.2941,162860,2147483648,SS
0.2943,164040,2147483648,SS
0.2945,165220,2147483648,SS
0.2946,166400,2147483648,SS
0.2948,167580,2147483648,SS
0.2949,168760,2147483648,SS
0.2951,169940,2147483648,SS
0.2952,171120,2147483648,SS
0.2954,172300,2147483648,SS
0.2955,173480,2147483648,SS
0.2957,174660,2147483648,SS
0.2958,175840,2147483648,SS
0.2959,177020,2147483648,SS
0.2960,178200,2147483648,SS
0.2961,179380,2147483648,SS
0.2962,180560,2147483648,SS
0.2963,181740,2147483648,SS
0.2964,182920,2147483648,SS
0.2965,184100,2147483648,SS
0.2966,185280,2147483648,SS
0.2967,186460,2147483648,SS
0.2968,187640,2147483648,SS
0.2969,188820,2147483648,SS
0.2970,190000,2147483648,SS
0.2971,191180,2147483648,SS
0.2972,192360,2147483648,SS
0.2973,193540,2147483648,SS
0.2974,194720,2147483648,SS
0.2976,195900,2147483648,SS
0.2977,197080,2147483648,SS
0.2978,198260,2147483648,SS
0.2980,199440,2147483648,SS
0.2982,200620,2147483648,SS
0.2983,201800,2147483648,SS
0.2985,202980,2147483648,SS
0.2986,204160,2147483648,SS
0.2988,205340,2147483648,SS
0.2989,206520,2147483648,SS
0.2990,207700,2147483648,SS
0.2991,208880,2147483648,SS
0.2993,210060,2147483648,SS
0.2994,211240,2147483648,SS
0.2995,212420,2147483648,SS
0.2997,213600,2147483648,SS
0.2998,214780,2147483648,SS
0.2999,215960,2147483648,SS
0.3001,217140,2147483648,SS
0.3002,218320,2147483648,SS
0.3003,219500,2147483648,SS
0.3005,220680,2147483648,SS
0.3006,221860,2147483648,SS
0.3008,223040,2147483648,SS
0.3009,224220,2147483648,SS
0.3010,225400,2147483648,SS
0.3012,226580,2147483648,SS
0.3013,227760,2147483648,SS
0.3014,228940,2147483648,SS
0.3015,230120,2147483648,SS
0.3017,231300,2147483648,SS
0.3018,232480,2147483648,SS
0.3019,233660,2147483648,SS
0.3021,234840,2147483648,SS
0.3022,236020,2147483648,SS
0.3023,237200,2147483648,SS
0.3025,238380,2147483648,SS
0.3026,239560,2147483648,SS
0.3027,240740,2147483648,SS
0.3029,241920,2147483648,SS
0.3030,243100,2147483648,SS
0.3032,244280,2147483648,SS
0.3034,245460,2147483648,SS
0.3035,246640,2147483648,SS
0.3037,247820,2147483648,SS
0.3044,249000,2147483648,SS
0.3045,250180,2147483648,SS
0.3047,251360,2147483648,SS
0.3048,252540,2147483648,SS
0.3050,253720,2147483648,SS
0.3051,254900,2147483648,SS
0.3053,256080,2147483648,SS
0.3054,257260,2147483648,SS
0.3056,258440,2147483648,SS
0.3057,259620,2147483648,SS
0.3058,260800,2147483648,SS
0.3059,261980,2147483648,SS
0.3061,263160,2147483648,SS
0.3063,264340,2147483648,SS
0.3064,265520,2147483648,SS
0.3066,266700,2147483648,SS
0.3067,267880,2147483648,SS
0.3068,269060,2147483648,SS
0.3069,270240,2147483648,SS
0.3070,271420,2147483648,SS
0.3071,272600,2147483648,SS
0.3072,273780,2147483648,SS
0.3074,274960,2147483648,SS
0.3075,276140,2147483648,SS
0.3076,277320,2147483648,SS
0.3077,278500,2147483648,SS
0.3078,279680,2147483648,SS
0.3080,280860,2147483648,SS
0.3083,282040,2147483648,SS
0.3087,283220,2147483648,SS
0.3090,284400,2147483648,SS
0.3092,285580,2147483648,SS
0.3094,286760,2147483648,SS
0.3097,287940,2147483648,SS
0.3099,289120,2147483648,SS
0.3100,290300,2147483648,SS
0.3104,291480,2147483648,SS
0.3106,292660,2147483648,SS
0.3110,293840,2147483648,SS
0.3115,295020,2147483648,SS
0.3120,296200,2147483648,SS
0.3125,297380,2147483648,SS
0.3127,298560,2147483648,SS
0.3129,299740,2147483648,SS
0.3131,300920,2147483648,SS
0.3328,302100,2147483648,SS
0.3329,303280,2147483648,SS
0.3331,304460,2147483648,SS
0.3332,305640,2147483648,SS
0.3333,306820,2147483648,SS
0.3335,308000,2147483648,SS
0.3336,309180,2147483648,SS
0.3337,310360,2147483648,SS
0.3339,311540,2147483648,SS
0.3340,312720,2147483648,SS
0.3342,313900,2147483648,SS
0.3343,315080,2147483648,SS
0.3345,316260,2147483648,SS
0.3346,317440,2147483648,SS
0.3347,318620,2147483648,SS
0.3349,319800,2147483648,SS
0.3350,320980,2147483648,SS
0.3351,322160,2147483648,SS
0.3352,323340,2147483648,SS
0.3353,324520,2147483648,SS
0.3354,325700,2147483648,SS
0.3355,326880,2147483648,SS
0.3356,328060,2147483648,SS
0.3358,329240,2147483648,SS
0.3359,330420,2147483648,SS
0.3361,331600,2147483648,SS
0.3362,332780,2147483648,SS
0.3364,333960,2147483648,SS
0.3365,335140,2147483648,SS
0.3366,336320,2147483648,SS
0.3368,337500,2147483648,SS
0.3370,338680,2147483648,SS
0.3371,339860,2147483648,SS
0.3373,341040,2147483648,SS
0.3375,342220,2147483648,SS
0.3376,343400,2147483648,SS
0.3378,344580,2147483648,SS
0.3379,345760,2147483648,SS
0.3381,346940,2147483648,SS
0.3383,348120,2147483648,SS
0.3385,349300,2147483648,SS
0.3387,350480,2147483648,SS
0.3389,351660,2147483648,SS
0.3390,352840,2147483648,SS
0.3392,354020,2147483648,SS
0.3393,355200,2147483648,SS
0.3395,356380,2147483648,SS
0.3396,357560,2147483648,SS
0.3398,358740,2147483648,SS
0.3399,359920,2147483648,SS
0.3401,361100,2147483648,SS
0.3403,362280,2147483648,SS
0.3404,363460,2147483648,SS
0.3406,364640,2147483648,SS
0.3408,365820,2147483648,SS
0.3409,367000,2147483648,SS
0.3411,368180,2147483648,SS
0.3412,369360,2147483648,SS
0.3414,370540,2147483648,SS
0.3415,371720,2147483648,SS
0.3417,372900,2147483648,SS
0.3418,374080,2147483648,SS
0.3420,375260,2147483648,SS
0.3422,376440,2147483648,SS
0.3423,377620,2147483648,SS
0.3425,378800,2147483648,SS
0.3426,379980,2147483648,SS
0.3428,381160,2147483648,SS
0.3429,382340,2147483648,SS
0.3431,383520,2147483648,SS
0.3433,384700,2147483648,SS
0.3434,385880,2147483648,SS
0.3436,387060,2147483648,SS
0.3438,388240,2147483648,SS
0.3439,389420,2147483648,SS
0.3442,390600,2147483648,SS
0.3443,391780,2147483648,SS
0.3445,392960,2147483648,SS
0.3447,394140,2147483648,SS
0.3448,395320,2147483648,SS
0.3450,396500,2147483648,SS
0.3452,397680,2147483648,SS
0.3454,398860,2147483648,SS
0.3455,400040,2147483648,SS
0.3457,401220,2147483648,SS
0.3459,402400,2147483648,SS
0.3461,403580,2147483648,SS
0.3463,404760,2147483648,SS
0.3464,405940,2147483648,SS
0.3464,407120,2147483648,SS
0.3465,408300,2147483648,SS
0.3466,409480,2147483648,SS
0.3467,410660,2147483648,SS
0.3468,411840,2147483648,SS
0.3469,413020,2147483648,SS
0.3470,414200,2147483648,SS
0.3470,415380,2147483648,SS
0.3471,416560,2147483648,SS
0.3472,417740,2147483648,SS
0.3473,418920,2147483648,SS
0.3474,420100,2147483648,SS
0.3475,421280,2147483648,SS
0.3476,422460,2147483648,SS
0.3476,423640,2147483648,SS
0.3477,424820,2147483648,SS
0.3478,426000,2147483648,SS
0.3479,427180,2147483648,SS
0.3479,428360,2147483648,SS
0.3480,429540,2147483648,SS
0.3481,430720,2147483648,SS
0.3482,431900,2147483648,SS
0.3483,433080,2147483648,SS
0.3484,434260,2147483648,SS
0.3485,435440,2147483648,SS
0.3486,436620,2147483648,SS
0.3486,437800,2147483648,SS
0.3487,438980,2147483648,SS
0.3488,440160,2147483648,SS
0.3489,441340,2147483648,SS
0.3490,442520,2147483648,SS
0.3491,443700,2147483648,SS
0.3492,444880,2147483648,SS
0.3493,446060,2147483648,SS
0.3493,447240,2147483648,SS
0.3494,448420,2147483648,SS
0.3495,449600,2147483648,SS
0.3496,450780,2147483648,SS
0.3497,451960,2147483648,SS
0.3497,453140,2147483648,SS
0.3498,454320,2147483648,SS
0.3499,455500,2147483648,SS
0.3500,456680,2147483648,SS
0.3501,457860,2147483648,SS
0.3502,459040,2147483648,SS
0.3503,460220,2147483648,SS
0.3504,461400,2147483648,SS
0.3505,462580,2147483648,SS
0.3506,463760,2147483648,SS
0.3507,464940,2147483648,SS
0.3508,466120,2147483648,SS
0.3509,467300,2147483648,SS
0.3510,468480,2147483648,SS
0.3511,469660,2147483648,SS
0.3512,470840,2147483648,SS
0.3513,472020,2147483648,SS
0.3514,473200,2147483648,SS
0.3515,474380,2147483648,SS
0.3516,475560,2147483648,SS
0.3517,476740,2147483648,SS
0.3518,477920,2147483648,SS
0.3519,479100,2147483648,SS
0.3520,480280,2147483648,SS
0.3521,481460,2147483648,SS
0.3522,482640,2147483648,SS
0.3523,483820,2147483648,SS
0.3525,485000,2147483648,SS
0.3526,486180,2147483648,SS
0.3527,487360,2147483648,SS
0.3528,488540,2147483648,SS
0.3529,489720,2147483648,SS
0.3530,490900,2147483648,SS
0.3531,492080,2147483648,SS
0.3532,493260,2147483648,SS
0.3534,494440,2147483648,SS
0.3535,495620,2147483648,SS
0.3536,496800,2147483648,SS
0.3537,497980,2147483648,SS
0.3538,499160,2147483648,SS
0.3539,500340,2147483648,SS
0.3539,501520,2147483648,SS
0.3540,502700,2147483648,SS
0.3541,503880,2147483648,SS
0.3543,505060,2147483648,SS
0.3544,506240,2147483648,SS
0.3545,507420,2147483648,SS
0.3545,508600,2147483648,SS
0.3546,509780,2147483648,SS
0.3547,510960,2147483648,SS
0.3548,512140,2147483648,SS
0.3549,513320,2147483648,SS
0.3550,514500,2147483648,SS
0.3551,515680,2147483648,SS
0.3552,516860,2147483648,SS
0.3553,518040,2147483648,SS
0.3554,519220,2147483648,SS
0.3555,520400,2147483648,SS
0.3556,521580,2147483648,SS
0.3557,522760,2147483648,SS
0.3559,523940,2147483648,SS
0.3560,525120,2147483648,SS
0.3561,526300,2147483648,SS
0.3562,527480,2147483648,SS
0.3563,528660,2147483648,SS
0.3564,529840,2147483648,SS
0.3565,531020,2147483648,SS
0.3566,532200,2147483648,SS
0.3567,533380,2147483648,SS
0.3569,534560,2147483648,SS
0.3570,535740,2147483648,SS
0.3571,536920,2147483648,SS
0.3573,538100,2147483648,SS
0.3573,539280,2147483648,SS
0.3574,540460,2147483648,SS
0.3575,541640,2147483648,SS
0.3576,542820,2147483648,SS
0.3577,544000,2147483648,SS
0.3578,545180,2147483648,SS
0.3579,546360,2147483648,SS
0.3580,547540,2147483648,SS
0.3581,548720,2147483648,SS
0.3582,549900,2147483648,SS
0.3583,551080,2147483648,SS
0.3584,552260,2147483648,SS
0.3585,553440,2147483648,SS
0.3586,554620,2147483648,SS
0.3587,555800,2147483648,SS
0.3588,556980,2147483648,SS
0.3589,558160,2147483648,SS
0.3590,559340,2147483648,SS
0.3591,560520,2147483648,SS
0.3593,561700,2147483648,SS
0.3594,562880,2147483648,SS
0.3595,564060,2147483648,SS
0.3596,565240,2147483648,SS
0.3597,566420,2147483648,SS
0.3599,567600,2147483648,SS
0.3600,568780,2147483648,SS
0.3601,569960,2147483648,SS
0.3602,571140,2147483648,SS
0.3603,572320,2147483648,SS
0.3605,573500,2147483648,SS
0.3606,574680,2147483648,SS
0.3607,575860,2147483648,SS
0.3608,577040,2147483648,SS
0.3610,578220,2147483648,SS
0.3611,579400,2147483648,SS
0.3613,580580,2147483648,SS
0.3614,581760,2147483648,SS
0.3615,582940,2147483648,SS
0.3616,584120,2147483648,SS
0.3618,585300,2147483648,SS
0.3619,586480,2147483648,SS
0.3620,587660,2147483648,SS
0.3621,588840,2147483648,SS
0.3623,590020,2147483648,SS
0.3624,591200,2147483648,SS
0.3625,592380,2147483648,SS
0.3626,593560,2147483648,SS
0.3627,594740,2147483648,SS
0.3628,595920,2147483648,SS
0.3629,597100,2147483648,SS
0.3631,598280,2147483648,SS
0.3632,599460,2147483648,SS
0.3633,600640,2147483648,SS
0.3635,601820,2147483648,SS
0.3636,603000,2147483648,SS
0.3742,604180,2147483648,SS
0.3744,605360,2147483648,SS
0.3745,606540,2147483648,SS
0.3746,607720,2147483648,SS
0.3747,608900,2147483648,SS
0.3748,610080,2147483648,SS
0.3749,611260,2147483648,SS
0.3750,612440,2147483648,SS
0.3751,613620,2147483648,SS
0.3752,614800,2147483648,SS
0.3753,615980,2147483648,SS
0.3754,617160,2147483648,SS
0.3755,618340,2147483648,SS
0.3756,619520,2147483648,SS
0.3758,620700,2147483648,SS
0.3759,621880,2147483648,SS
0.3761,623060,2147483648,SS
0.3762,624240,2147483648,SS
0.3763,625420,2147483648,SS
0.3764,626600,2147483648,SS
0.3765,627780,2147483648,SS
0.3767,628960,2147483648,SS
0.3768,630140,2147483648,SS
0.3769,631320,2147483648,SS
0.3770,632500,2147483648,SS
0.3771,633680,2147483648,SS
0.3772,634860,2147483648,SS
0.3773,636040,2147483648,SS
0.3783,637220,2147483648,SS
0.3785,638400,2147483648,SS
0.3786,639580,2147483648,SS
0.3787,640760,2147483648,SS
0.3788,641940,2147483648,SS
0.3789,643120,2147483648,SS
0.3790,644300,2147483648,SS
0.3791,645480,2147483648,SS
0.3792,646660,2147483648,SS
0.3794,647840,2147483648,SS
0.3795,649020,2147483648,SS
0.3796,650200,2147483648,SS
0.3797,651380,2147483648,SS
0.3799,652560,2147483648,SS
0.3800,653740,2147483648,SS
0.3801,654920,2147483648,SS
0.3803,656100,2147483648,SS
0.3804,657280,2147483648,SS
0.3805,658460,2147483648,SS
0.3806,659640,2147483648,SS
0.3808,660820,2147483648,SS
0.3809,662000,2147483648,SS
0.3810,663180,2147483648,SS
0.3812,664360,2147483648,SS
0.3814,665540,2147483648,SS
0.3815,666720,2147483648,SS
0.3816,667900,2147483648,SS
0.3818,669080,2147483648,SS
0.3819,670260,2147483648,SS
0.3820,671440,2147483648,SS
0.3822,672620,2147483648,SS
0.3824,673800,2147483648,SS
0.3825,674980,2147483648,SS
0.3826,676160,2147483648,SS
0.3828,677340,2147483648,SS
0.3830,678520,2147483648,SS
0.3831,679700,2147483648,SS
0.3833,680880,2147483648,SS
0.3834,682060,2147483648,SS
0.3835,683240,2147483648,SS
0.3836,684420,2147483648,SS
0.3837,685600,2147483648,SS
0.3839,686780,2147483648,SS
0.3840,687960,2147483648,SS
0.3841,689140,2147483648,SS
0.3843,690320,2147483648,SS
0.3844,691500,2147483648,SS
0.3845,692680,2147483648,SS
0.3847,693860,2147483648,SS
0.3849,695040,2147483648,SS
0.3850,696220,2147483648,SS
0.3851,697400,2147483648,SS
0.3853,698580,2147483648,SS
0.3854,699760,2147483648,SS
0.3855,700940,2147483648,SS
0.3857,702120,2147483648,SS
0.3858,703300,2147483648,SS
0.3860,704480,2147483648,SS
0.3863,705660,2147483648,SS
0.3865,706840,2147483648,SS
0.3867,708020,2147483648,SS
0.3868,709200,2147483648,SS
0.3870,710380,2147483648,SS
0.3871,711560,2147483648,SS
0.3872,712740,2147483648,SS
0.3873,713920,2147483648,SS
0.3874,715100,2147483648,SS
0.3876,716280,2147483648,SS
0.3877,717460,2147483648,SS
0.3878,718640,2147483648,SS
0.3879,719820,2147483648,SS
0.3880,721000,2147483648,SS
0.3882,722180,2147483648,SS
0.3883,723360,2147483648,SS
0.3885,724540,2147483648,SS
0.3886,725720,2147483648,SS
0.3887,726900,2147483648,SS
0.3888,728080,2147483648,SS
0.3889,729260,2147483648,SS
0.3890,730440,2147483648,SS
0.3892,731620,2147483648,SS
0.3893,732800,2147483648,SS
0.3894,733980,2147483648,SS
0.3896,735160,2147483648,SS
0.3897,736340,2147483648,SS
0.3898,737520,2147483648,SS
0.3900,738700,2147483648,SS
0.3901,739880,2147483648,SS
0.3902,741060,2147483648,SS
0.3904,742240,2147483648,SS
0.3905,743420,2147483648,SS
0.3906,744600,2147483648,SS
0.3907,745780,2147483648,SS
0.3909,746960,2147483648,SS
0.3910,748140,2147483648,SS
0.3911,749320,2147483648,SS
0.3912,750500,2147483648,SS
0.3913,751680,2147483648,SS
0.3914,752860,2147483648,SS
0.3915,754040,2147483648,SS
0.3917,755220,2147483648,SS
0.3918,756400,2147483648,SS
0.3919,757580,2147483648,SS
0.3921,758760,2147483648,SS
0.3922,759940,2147483648,SS
0.3924,761120,2147483648,SS
0.3925,762300,2147483648,SS
0.3926,763480,2147483648,SS
0.3928,764660,2147483648,SS
0.3929,765840,2147483648,SS
0.3931,767020,2147483648,SS
0.3932,768200,2147483648,SS
0.3933,769380,2147483648,SS
0.3934,770560,2147483648,SS
0.3935,771740,2147483648,SS
0.3936,772920,2147483648,SS
0.3937,774100,2147483648,SS
0.3939,775280,2147483648,SS
0.3940,776460,2147483648,SS
0.3942,777640,2147483648,SS
0.3943,778820,2147483648,SS
0.3944,780000,2147483648,SS
0.3945,781180,2147483648,SS
0.3946,782360,2147483648,SS
0.3948,783540,2147483648,SS
0.3949,784720,2147483648,SS
0.3951,785900,2147483648,SS
0.3952,787080,2147483648,SS
0.3954,788260,2147483648,SS
0.3955,789440,2147483648,SS
0.3956,790620,2147483648,SS
0.3957,791800,2147483648,SS
0.3958,792980,2147483648,SS
0.3960,794160,2147483648,SS
0.3961,795340,2147483648,SS
0.3963,796520,2147483648,SS
0.3964,797700,2147483648,SS
0.3965,798880,2147483648,SS
0.3966,800060,2147483648,SS
0.3968,801240,2147483648,SS
0.3969,802420,2147483648,SS
0.3970,803600,2147483648,SS
0.3971,804780,2147483648,SS
0.3972,805960,2147483648,SS
0.3974,807140,2147483648,SS
0.3975,808320,2147483648,SS
0.3976,809500,2147483648,SS
0.3977,810680,2147483648,SS
0.3978,811860,2147483648,SS
0.3980,813040,2147483648,SS
0.3981,814220,2147483648,SS
0.3982,815400,2147483648,SS
0.3984,816580,2147483648,SS
0.3985,817760,2147483648,SS
0.3989,818940,2147483648,SS
0.3991,820120,2147483648,SS
0.3992,821300,2147483648,SS
0.3994,822480,2147483648,SS
0.3995,823660,2147483648,SS
0.3996,824840,2147483648,SS
0.3997,826020,2147483648,SS
0.4000,827200,2147483648,SS
0.4001,828380,2147483648,SS
0.4002,829560,2147483648,SS
0.4004,830740,2147483648,SS
0.4005,831920,2147483648,SS
0.4006,833100,2147483648,SS
0.4007,834280,2147483648,SS
0.4009,835460,2147483648,SS
0.4010,836640,2147483648,SS
0.4011,837820,2147483648,SS
0.4012,839000,2147483648,SS
0.4013,840180,2147483648,SS
0.4015,841360,2147483648,SS
0.4016,842540,2147483648,SS
0.4017,843720,2147483648,SS
0.4019,844900,2147483648,SS
0.4020,846080,2147483648,SS
0.4022,847260,2147483648,SS
0.4023,848440,2147483648,SS
0.4024,849620,2147483648,SS
0.4026,850800,2147483648,SS
0.4027,851980,2147483648,SS
0.4028,853160,2147483648,SS
0.4030,854340,2147483648,SS
0.4031,855520,2147483648,SS
0.4032,856700,2147483648,SS
0.4033,857880,2147483648,SS
0.4035,859060,2147483648,SS
0.4036,860240,2147483648,SS
0.4037,861420,2147483648,SS
0.4038,862600,2147483648,SS
0.4039,863780,2147483648,SS
0.4041,864960,2147483648,SS
0.4042,866140,2147483648,SS
0.4044,867320,2147483648,SS
0.4045,868500,2147483648,SS
0.4046,869680,2147483648,SS
0.4047,870860,2147483648,SS
0.4049,872040,2147483648,SS
0.4050,873220,2147483648,SS
0.4051,874400,2147483648,SS
0.4053,875580,2147483648,SS
0.4054,876760,2147483648,SS
0.4055,877940,2147483648,SS
0.4057,879120,2147483648,SS
0.4059,880300,2147483648,SS
0.4060,881480,2147483648,SS
0.4079,882660,2147483648,SS
0.4082,883840,2147483648,SS
0.4083,885020,2147483648,SS
0.4085,886200,2147483648,SS
0.4086,887380,2147483648,SS
0.4088,888560,2147483648,SS
0.4090,889740,2147483648,SS
0.4092,890920,2147483648,SS
0.4094,892100,2147483648,SS
0.4095,893280,2147483648,SS
0.4097,894460,2147483648,SS
0.4098,895640,2147483648,SS
0.4100,896820,2147483648,SS
0.4102,898000,2147483648,SS
0.4104,899180,2147483648,SS
0.4105,900360,2147483648,SS
0.4107,901540,2147483648,SS
0.4108,902720,2147483648,SS
0.4110,903900,2147483648,SS
0.4112,905080,2147483648,SS
0.4113,906260,2147483648,SS
0.4115,907440,2147483648,SS
0.4116,908620,2147483648,SS
0.4118,909800,2147483648,SS
0.4119,910980,2147483648,SS
0.4121,912160,2147483648,SS
0.4122,913340,2147483648,SS
0.4124,914520,2147483648,SS
0.4125,915700,2147483648,SS
0.4126,916880,2147483648,SS
0.4130,918060,2147483648,SS
0.4131,919240,2147483648,SS
0.4133,920420,2147483648,SS
0.4135,921600,2147483648,SS
0.4136,922780,2147483648,SS
0.4138,923960,2147483648,SS
0.4140,925140,2147483648,SS
0.4142,926320,2147483648,SS
0.4143,927500,2147483648,SS
0.4145,928680,2147483648,SS
0.4147,929860,2147483648,SS
0.4148,931040,2147483648,SS
0.4150,932220,2147483648,SS
0.4152,933400,2147483648,SS
0.4153,934580,2147483648,SS
0.4154,935760,2147483648,SS
0.4156,936940,2147483648,SS
0.4157,938120,2147483648,SS
0.4159,939300,2147483648,SS
0.4161,940480,2147483648,SS
0.4162,941660,2147483648,SS
0.4164,942840,2147483648,SS
0.4166,944020,2147483648,SS
0.4168,945200,2147483648,SS
0.4169,946380,2147483648,SS
0.4170,947560,2147483648,SS
0.4172,948740,2147483648,SS
0.4173,949920,2147483648,SS
0.4175,951100,2147483648,SS
0.4176,952280,2147483648,SS
0.4178,953460,2147483648,SS
0.4179,954640,2147483648,SS
0.4180,955820,2147483648,SS
0.4182,957000,2147483648,SS
0.4183,958180,2147483648,SS
0.4184,959360,2147483648,SS
0.4185,960540,2147483648,SS
0.4187,961720,2147483648,SS
0.4188,962900,2147483648,SS
0.4190,964080,2147483648,SS
0.4191,965260,2147483648,SS
0.4193,966440,2147483648,SS
0.4194,967620,2147483648,SS
0.4195,968800,2147483648,SS
0.4197,969980,2147483648,SS
0.4198,971160,2147483648,SS
0.4200,972340,2147483648,SS
0.4201,973520,2147483648,SS
0.4203,974700,2147483648,SS
0.4204,975880,2147483648,SS
0.4206,977060,2147483648,SS
0.4207,978240,2147483648,SS
0.4208,979420,2147483648,SS
0.4209,980600,2147483648,SS
0.4211,981780,2147483648,SS
0.4212,982960,2147483648,SS
0.4213,984140,2147483648,SS
0.4214,985320,2147483648,SS
0.4216,986500,2147483648,SS
0.4217,987680,2147483648,SS
0.4219,988860,2147483648,SS
0.4220,990040,2147483648,SS
0.4222,991220,2147483648,SS
0.4224,992400,2147483648,SS
0.4225,993580,2147483648,SS
0.4227,994760,2147483648,SS
0.4229,995940,2147483648,SS
0.4230,997120,2147483648,SS
0.4231,998300,2147483648,SS
0.4232,999480,2147483648,SS
0.4234,1000660,2147483648,SS
0.4235,1001840,2147483648,SS
0.4236,1003020,2147483648,SS
0.4238,1004200,2147483648,SS
0.4239,1005380,2147483648,SS
0.4241,1006560,2147483648,SS
0.4242,1007740,2147483648,SS
0.4243,1008920,2147483648,SS
0.4245,1010100,2147483648,SS
0.4246,1011280,2147483648,SS
0.4247,1012460,2147483648,SS
0.4249,1013640,2147483648,SS
0.4250,1014820,2147483648,SS
0.4251,1016000,2147483648,SS
0.4253,1017180,2147483648,SS
0.4254,1018360,2147483648,SS
0.4255,1019540,2147483648,SS
0.4257,1020720,2147483648,SS
0.4258,1021900,2147483648,SS
0.4260,1023080,2147483648,SS
0.4261,1024260,2147483648,SS
0.4263,1025440,2147483648,SS
0.4264,1026620,2147483648,SS
0.4265,1027800,2147483648,SS
0.4267,1028980,2147483648,SS
0.4268,1030160,2147483648,SS
0.4269,1031340,2147483648,SS
0.4271,1032520,2147483648,SS
0.4272,1033700,2147483648,SS
0.4274,1034880,2147483648,SS
0.4275,1036060,2147483648,SS
0.4276,1037240,2147483648,SS
0.4278,1038420,2147483648,SS
0.4279,1039600,2147483648,SS
0.4281,1040780,2147483648,SS
0.4283,1041960,2147483648,SS
0.4284,1043140,2147483648,SS
0.4285,1044320,2147483648,SS
0.4287,1045500,2147483648,SS
0.4288,1046680,2147483648,SS
0.4289,1047860,2147483648,SS
0.4291,1049040,2147483648,SS
0.4293,1050220,2147483648,SS
0.4294,1051400,2147483648,SS
0.4295,1052580,2147483648,SS
0.4297,1053760,2147483648,SS
0.4298,1054940,2147483648,SS
0.4300,1056120,2147483648,SS
0.4303,1057300,2147483648,SS
0.4305,1058480,2147483648,SS
0.4307,1059660,2147483648,SS
0.4308,1060840,2147483648,SS
0.4310,1062020,2147483648,SS
0.4311,1063200,2147483648,SS
0.4312,1064380,2147483648,SS
0.4314,1065560,2147483648,SS
0.4315,1066740,2147483648,SS
0.4317,1067920,2147483648,SS
0.4318,1069100,2147483648,SS
0.4320,1070280,2147483648,SS
0.4321,1071460,2147483648,SS
0.4323,1072640,2147483648,SS
0.4324,1073820,2147483648,SS
0.4326,1075000,2147483648,SS
0.4328,1076180,2147483648,SS
0.4329,1077360,2147483648,SS
0.4331,1078540,2147483648,SS
0.4332,1079720,2147483648,SS
0.4333,1080900,2147483648,SS
0.4335,1082080,2147483648,SS
0.4336,1083260,2147483648,SS
0.4337,1084440,2147483648,SS
0.4339,1085620,2147483648,SS
0.4340,1086800,2147483648,SS
0.4373,1087980,2147483648,SS
0.4375,1089160,2147483648,SS
0.4377,1090340,2147483648,SS
0.4378,1091520,2147483648,SS
0.4380,1092700,2147483648,SS
0.4382,1093880,2147483648,SS
0.4384,1095060,2147483648,SS
0.4385,1096240,2147483648,SS
0.4387,1097420,2147483648,SS
0.4388,1098600,2147483648,SS
0.4390,1099780,2147483648,SS
0.4391,1100960,2147483648,SS
0.4393,1102140,2147483648,SS
0.4394,1103320,2147483648,SS
0.4396,1104500,2147483648,SS
0.4398,1105680,2147483648,SS
0.4399,1106860,2147483648,SS
0.4401,1108040,2147483648,SS
0.4402,1109220,2147483648,SS
0.4405,1110400,2147483648,SS
0.4407,1111580,2147483648,SS
0.4409,1112760,2147483648,SS
0.4410,1113940,2147483648,SS
0.4412,1115120,2147483648,SS
0.4413,1116300,2147483648,SS
0.4416,1117480,2147483648,SS
0.4417,1118660,2147483648,SS
0.4418,1119840,2147483648,SS
0.4420,1121020,2147483648,SS
0.4422,1122200,2147483648,SS
0.4423,1123380,2147483648,SS
0.4425,1124560,2147483648,SS
0.4427,1125740,2147483648,SS
0.4429,1126920,2147483648,SS
0.4431,1128100,2147483648,SS
0.4433,1129280,2147483648,SS
0.4434,1130460,2147483648,SS
0.4437,1131640,2147483648,SS
0.4438,1132820,2147483648,SS
0.4439,1134000,2147483648,SS
0.4441,1135180,2147483648,SS
0.4442,1136360,2147483648,SS
0.4444,1137540,2147483648,SS
0.4446,1138720,2147483648,SS
0.4448,1139900,2147483648,SS
0.4450,1141080,2147483648,SS
0.4451,1142260,2147483648,SS
0.4453,1143440,2147483648,SS
0.4455,1144620,2147483648,SS
0.4456,1145800,2147483648,SS
0.4458,1146980,2147483648,SS
0.4460,1148160,2147483648,SS
0.4462,1149340,2147483648,SS
0.4464,1150520,2147483648,SS
0.4465,1151700,2147483648,SS
0.4467,1152880,2147483648,SS
0.4469,1154060,2147483648,SS
0.4470,1155240,2147483648,SS
0.4472,1156420,2147483648,SS
0.4474,1157600,2147483648,SS
0.4475,1158780,2147483648,SS
0.4477,1159960,2147483648,SS
0.4478,1161140,2147483648,SS
0.4479,1162320,2147483648,SS
0.4481,1163500,2147483648,SS
0.4482,1164680,2147483648,SS
0.4484,1165860,2147483648,SS
0.4485,1167040,2147483648,SS
0.4487,1168220,2147483648,SS
0.4488,1169400,2147483648,SS
0.4490,1170580,2147483648,SS
0.4492,1171760,2147483648,SS
0.4495,1172940,2147483648,SS
0.4498,1174120,2147483648,SS
0.4502,1175300,2147483648,SS
0.4506,1176480,2147483648,SS
0.4510,1177660,2147483648,SS
0.4514,1178840,2147483648,SS
0.4517,1180020,2147483648,SS
0.4521,1181200,2147483648,SS
0.4524,1182380,2147483648,SS
0.4528,1183560,2147483648,SS
0.4532,1184740,2147483648,SS
0.4536,1185920,2147483648,SS
0.4539,1187100,2147483648,SS
0.4543,1188280,2147483648,SS
0.4547,1189460,2147483648,SS
0.4552,1190640,2147483648,SS
0.4556,1191820,2147483648,SS
0.4559,1193000,2147483648,SS
0.4563,1194180,2147483648,SS
0.4567,1195360,2147483648,SS
0.4571,1196540,2147483648,SS
0.4576,1197720,2147483648,SS
0.4580,1198900,2147483648,SS
0.4584,1200080,2147483648,SS
0.4587,1201260,2147483648,SS
0.4591,1202440,2147483648,SS
0.4594,1203620,2147483648,SS
0.4598,1204800,2147483648,SS
0.4602,1205980,2147483648,SS
0.4606,1207160,2147483648,SS
0.4609,1208340,2147483648,SS
0.4614,1209520,2147483648,SS
0.4618,1210700,2147483648,SS
0.4622,1211880,2147483648,SS
0.4626,1213060,2147483648,SS
0.4630,1214240,2147483648,SS
0.4636,1215420,2147483648,SS
0.4642,1216600,2147483648,SS
0.4647,1217780,2147483648,SS
0.4652,1218960,2147483648,SS
0.4656,1220140,2147483648,SS
0.4660,1221320,2147483648,SS
0.4665,1222500,2147483648,SS
0.4668,1223680,2147483648,SS
0.4672,1224860,2147483648,SS
0.4676,1226040,2147483648,SS
0.4680,1227220,2147483648,SS
0.4683,1228400,2147483648,SS
0.4687,1229580,2147483648,SS
0.4690,1230760,2147483648,SS
0.4694,1231940,2147483648,SS
0.4697,1233120,2147483648,SS
0.4699,1234300,2147483648,SS
0.4702,1235480,2147483648,SS
0.4706,1236660,2147483648,SS
0.4710,1237840,2147483648,SS
0.4713,1239020,2147483648,SS
0.4717,1240200,2147483648,SS
0.4721,1241380,2147483648,SS
0.4724,1242560,2147483648,SS
0.4757,1243740,2147483648,SS
0.4776,1244920,2147483648,SS
0.4778,1246100,2147483648,SS
0.4780,1247280,2147483648,SS
0.4781,1248460,2147483648,SS
0.4783,1249640,2147483648,SS
0.4784,1250820,2147483648,SS
0.4785,1252000,2147483648,SS
0.4787,1253180,2147483648,SS
0.4788,1254360,2147483648,SS
0.4791,1255540,2147483648,SS
0.4792,1256720,2147483648,SS
0.4795,1257900,2147483648,SS
0.4799,1259080,2147483648,SS
0.4802,1260260,2147483648,SS
0.4803,1261440,2147483648,SS
0.4805,1262620,2147483648,SS
0.4806,1263800,2147483648,SS
0.4810,1264980,2147483648,SS
0.4812,1266160,2147483648,SS
0.4813,1267340,2147483648,SS
0.4815,1268520,2147483648,SS
0.4817,1269700,2147483648,SS
0.4819,1270880,2147483648,SS
0.4822,1272060,2147483648,SS
0.4823,1273240,2147483648,SS
0.4825,1274420,2147483648,SS
0.4826,1275600,2147483648,SS
0.4828,1276780,2147483648,SS
0.4830,1277960,2147483648,SS
0.4832,1279140,2147483648,SS
0.4834,1280320,2147483648,SS
0.4836,1281500,2147483648,SS
0.4840,1282680,2147483648,SS
0.4842,1283860,2147483648,SS
0.4844,1285040,2147483648,SS
0.4846,1286220,2147483648,SS
0.4848,1287400,2147483648,SS
0.4851,1288580,2147483648,SS
0.4854,1289760,2147483648,SS
0.4857,1290940,2147483648,SS
0.4859,1292120,2147483648,SS
0.4861,1293300,2147483648,SS
0.4864,1294480,2147483648,SS
0.4866,1295660,2147483648,SS
0.4870,1296840,2147483648,SS
0.4872,1298020,2147483648,SS
0.4875,1299200,2147483648,SS
0.4878,1300380,2147483648,SS
0.4880,1301560,2147483648,SS
0.4883,1302740,2147483648,SS
0.4893,1303920,2147483648,SS
0.4895,1305100,2147483648,SS
0.4897,1306280,2147483648,SS
0.4899,1307460,2147483648,SS
0.4901,1308640,2147483648,SS
0.4904,1309820,2147483648,SS
0.4905,1311000,2147483648,SS
0.4907,1312180,2147483648,SS
0.4909,1313360,2147483648,SS
0.4910,1314540,2147483648,SS
0.4912,1315720,2147483648,SS
0.4914,1316900,2147483648,SS
0.4916,1318080,2147483648,SS
0.4917,1319260,2147483648,SS
0.4919,1320440,2147483648,SS
0.4922,1321620,2147483648,SS
0.4924,1322800,2147483648,SS
0.4927,1323980,2147483648,SS
0.4929,1325160,2147483648,SS
0.4931,1326340,2147483648,SS
0.4936,1327520,2147483648,SS
0.4938,1328700,2147483648,SS
0.4940,1329880,2147483648,SS
0.4942,1331060,2147483648,SS
0.4944,1332240,2147483648,SS
0.4946,1333420,2147483648,SS
0.4948,1334600,2147483648,SS
0.4949,1335780,2147483648,SS
0.4951,1336960,2147483648,SS
0.4953,1338140,2147483648,SS
0.4955,1339320,2147483648,SS
0.4957,1340500,2147483648,SS
0.4958,1341680,2147483648,SS
0.4960,1342860,2147483648,SS
0.4962,1344040,2147483648,SS
0.4964,1345220,2147483648,SS
0.4967,1346400,2147483648,SS
0.4970,1347580,2147483648,SS
0.4973,1348760,2147483648,SS
0.4975,1349940,2147483648,SS
0.4977,1351120,2147483648,SS
0.4979,1352300,2147483648,SS
0.4981,1353480,2147483648,SS
0.4983,1354660,2147483648,SS
0.4985,1355840,2147483648,SS
0.4987,1357020,2147483648,SS
0.4989,1358200,2147483648,SS
0.4991,1359380,2147483648,SS
0.4993,1360560,2147483648,SS
0.4995,1361740,2147483648,SS
0.4998,1362920,2147483648,SS
0.5000,1364100,2147483648,SS
0.5002,1365280,2147483648,SS
0.5004,1366460,2147483648,SS
0.5006,1367640,2147483648,SS
0.5007,1368820,2147483648,SS
0.5009,1370000,2147483648,SS
0.5011,1371180,2147483648,SS
0.5013,1372360,2147483648,SS
0.5015,1373540,2147483648,SS
0.5018,1374720,2147483648,SS
0.5021,1375900,2147483648,SS
0.5028,1377080,2147483648,SS
0.5031,1378260,2147483648,SS
0.5032,1379440,2147483648,SS
0.5035,1380620,2147483648,SS
0.5037,1381800,2147483648,SS
0.5039,1382980,2147483648,SS
0.5041,1384160,2147483648,SS
0.5043,1385340,2147483648,SS
0.5045,1386520,2147483648,SS
0.5047,1387700,2147483648,SS
0.5049,1388880,2147483648,SS
0.5052,1390060,2147483648,SS
0.5054,1391240,2147483648,SS
0.5056,1392420,2147483648,SS
0.5058,1393600,2147483648,SS
0.5060,1394780,2147483648,SS
0.5063,1395960,2147483648,SS
0.5066,1397140,2147483648,SS
0.5069,1398320,2147483648,SS
0.5071,1399500,2147483648,SS
0.5076,1400680,2147483648,SS
0.5079,1401860,2147483648,SS
0.5081,1403040,2147483648,SS
0.5082,1404220,2147483648,SS
0.5084,1405400,2147483648,SS
0.5086,1406580,2147483648,SS
0.5088,1407760,2147483648,SS
0.5091,1408940,2147483648,SS
0.5093,1410120,2147483648,SS
0.5094,1411300,2147483648,SS
0.5096,1412480,2147483648,SS
0.5098,1413660,2147483648,SS
0.5100,1414840,2147483648,SS
0.5103,1416020,2147483648,SS
0.5105,1417200,2147483648,SS
0.5107,1418380,2147483648,SS
0.5109,1419560,2147483648,SS
0.5111,1420740,2147483648,SS
0.5113,1421920,2147483648,SS
0.5115,1423100,2147483648,SS
0.5117,1424280,2147483648,SS
0.5119,1425460,2147483648,SS
0.5121,1426640,2147483648,SS
0.5123,1427820,2147483648,SS
0.5125,1429000,2147483648,SS
0.5127,1430180,2147483648,SS
0.5129,1431360,2147483648,SS
0.5131,1432540,2147483648,SS
0.5133,1433720,2147483648,SS
0.5135,1434900,2147483648,SS
0.5138,1436080,2147483648,SS
0.5140,1437260,2147483648,SS
0.5143,1438440,2147483648,SS
0.5145,1439620,2147483648,SS
0.5147,1440800,2147483648,SS
0.5150,1441980,2147483648,SS
0.5152,1443160,2147483648,SS
0.5154,1444340,2147483648,SS
0.5156,1445520,2147483648,SS
0.5158,1446700,2147483648,SS
0.5159,1447880,2147483648,SS
0.5162,1449060,2147483648,SS
0.5164,1450240,2147483648,SS
0.5166,1451420,2147483648,SS
0.5168,1452600,2147483648,SS
0.5170,1453780,2147483648,SS
0.5172,1454960,2147483648,SS
0.5175,1456140,2147483648,SS
0.5177,1457320,2147483648,SS
0.5179,1458500,2147483648,SS
0.5190,1459680,2147483648,SS
0.5192,1460860,2147483648,SS
0.5195,1462040,2147483648,SS
0.5197,1463220,2147483648,SS
0.5199,1464400,2147483648,SS
0.5201,1465580,2147483648,SS
0.5203,1466760,2147483648,SS
0.5205,1467940,2147483648,SS
0.5206,1469120,2147483648,SS
0.5208,1470300,2147483648,SS
0.5210,1471480,2147483648,SS
0.5212,1472660,2147483648,SS
0.5214,1473840,2147483648,SS
0.5216,1475020,2147483648,SS
0.5218,1476200,2147483648,SS
0.5220,1477380,2147483648,SS
0.5222,1478560,2147483648,SS
0.5224,1479740,2147483648,SS
0.5226,1480920,2147483648,SS
0.5228,1482100,2147483648,SS
0.5230,1483280,2147483648,SS
0.5234,1484460,2147483648,SS
0.5239,1485640,2147483648,SS
0.5241,1486820,2147483648,SS
0.5243,1488000,2147483648,SS
0.5245,1489180,2147483648,SS
0.5247,1490360,2147483648,SS
0.5249,1491540,2147483648,SS
0.5251,1492720,2147483648,SS
0.5253,1493900,2147483648,SS
0.5255,1495080,2147483648,SS
0.5257,1496260,2147483648,SS
0.5259,1497440,2147483648,SS
0.5264,1498620,2147483648,SS
0.5266,1499800,2147483648,SS
0.5269,1500980,2147483648,SS
0.5271,1502160,2147483648,SS
0.5273,1503340,2147483648,SS
0.5275,1504520,2147483648,SS
0.5277,1505700,2147483648,SS
0.5279,1506880,2147483648,SS
0.5281,1508060,2147483648,SS
0.5284,1509240,2147483648,SS
0.5286,1510420,2147483648,SS
0.5287,1511600,2147483648,SS
0.5289,1512780,2147483648,SS
0.5292,1513960,2147483648,SS
0.5294,1515140,2147483648,SS
0.5296,1516320,2147483648,SS
0.5298,1517500,2147483648,SS
0.5300,1518680,2147483648,SS
0.5302,1519860,2147483648,SS
0.5304,1521040,2147483648,SS
0.5305,1522220,2147483648,SS
0.5307,1523400,2147483648,SS
0.5309,1524580,2147483648,SS
0.5364,1525760,2147483648,SS
0.5367,1526940,2147483648,SS
0.5369,1528120,2147483648,SS
0.5371,1529300,2147483648,SS
0.5373,1530480,2147483648,SS
0.5376,1531660,2147483648,SS
0.5379,1532840,2147483648,SS
0.5381,1534020,2147483648,SS
0.5383,1535200,2147483648,SS
0.5385,1536380,2147483648,SS
0.5387,1537560,2147483648,SS
0.5389,1538740,2147483648,SS
0.5390,1539920,2147483648,SS
0.5393,1541100,2147483648,SS
0.5410,1542280,2147483648,SS
0.5412,1543460,2147483648,SS
0.5414,1544640,2147483648,SS
0.5416,1545820,2147483648,SS
0.5418,1547000,2147483648,SS
0.5420,1548180,2147483648,SS
0.5422,1549360,2147483648,SS
0.5424,1550540,2147483648,SS
0.5426,1551720,2147483648,SS
0.5427,1552900,2147483648,SS
0.5429,1554080,2147483648,SS
0.5431,1555260,2147483648,SS
0.5434,1556440,2147483648,SS
0.5436,1557620,2147483648,SS
0.5437,1558800,2147483648,SS
0.5440,1559980,2147483648,SS
0.5442,1561160,2147483648,SS
0.5444,1562340,2147483648,SS
0.5482,1563520,2147483648,SS
0.5485,1564700,2147483648,SS
0.5487,1565880,2147483648,SS
0.5490,1567060,2147483648,SS
0.5492,1568240,2147483648,SS
0.5494,1569420,2147483648,SS
0.5496,1570600,2147483648,SS
0.5499,1571780,2147483648,SS
0.5502,1572960,2147483648,SS
0.5504,1574140,2147483648,SS
0.5506,1575320,2147483648,SS
0.5508,1576500,2147483648,SS
0.5510,1577680,2147483648,SS
0.5513,1578860,2147483648,SS
0.5515,1580040,2147483648,SS
0.5517,1581220,2147483648,SS
0.5519,1582400,2147483648,SS
0.5522,1583580,2147483648,SS
0.5524,1584760,2147483648,SS
0.5526,1585940,2147483648,SS
0.5529,1587120,2147483648,SS
0.5530,1588300,2147483648,SS
0.5534,1589480,2147483648,SS
0.5536,1590660,2147483648,SS
0.5538,1591840,2147483648,SS
0.5540,1593020,2147483648,SS
0.5543,1594200,2147483648,SS
0.5545,1595380,2147483648,SS
0.5547,1596560,2147483648,SS
0.5548,1597740,2147483648,SS
0.5550,1598920,2147483648,SS
0.5552,1600100,2147483648,SS
0.5554,1601280,2147483648,SS
0.5556,1602460,2147483648,SS
0.5558,1603640,2147483648,SS
0.5560,1604820,2147483648,SS
0.5561,1606000,2147483648,SS
0.5563,1607180,2147483648,SS
0.5565,1608360,2147483648,SS
0.5567,1609540,2147483648,SS
0.5569,1610720,2147483648,SS
0.5571,1611900,2147483648,SS
0.5573,1613080,2147483648,SS
0.5574,1614260,2147483648,SS
0.5576,1615440,2147483648,SS
0.5578,1616620,2147483648,SS
0.5580,1617800,2147483648,SS
0.5582,1618980,2147483648,SS
0.5584,1620160,2147483648,SS
0.5586,1621340,2147483648,SS
0.5588,1622520,2147483648,SS
0.5590,1623700,2147483648,SS
0.5599,1624880,2147483648,SS
0.5601,1626060,2147483648,SS
0.5603,1627240,2147483648,SS
0.5605,1628420,2147483648,SS
0.5607,1629600,2147483648,SS
0.5609,1630780,2147483648,SS
0.5611,1631960,2147483648,SS
0.5613,1633140,2147483648,SS
0.5615,1634320,2147483648,SS
0.5617,1635500,2147483648,SS
0.5619,1636680,2147483648,SS
0.5620,1637860,2147483648,SS
0.5623,1639040,2147483648,SS
0.5625,1640220,2147483648,SS
0.5626,1641400,2147483648,SS
0.5628,1642580,2147483648,SS
0.5630,1643760,2147483648,SS
0.5632,1644940,2147483648,SS
0.5634,1646120,2147483648,SS
0.5636,1647300,2147483648,SS
0.5638,1648480,2147483648,SS
0.5640,1649660,2147483648,SS
0.5644,1650840,2147483648,SS
0.5650,1652020,2147483648,SS
0.5652,1653200,2147483648,SS
0.5654,1654380,2147483648,SS
0.5656,1655560,2147483648,SS
0.5659,1656740,2147483648,SS
0.5661,1657920,2147483648,SS
0.5663,1659100,2147483648,SS
0.5666,1660280,2147483648,SS
0.5668,1661460,2147483648,SS
0.5670,1662640,2147483648,SS
0.5672,1663820,2147483648,SS
0.5675,1665000,2147483648,SS
0.5677,1666180,2147483648,SS
0.5679,1667360,2147483648,SS
0.5681,1668540,2147483648,SS
0.5683,1669720,2147483648,SS
0.5686,1670900,2147483648,SS
0.5688,1672080,2147483648,SS
0.5690,1673260,2147483648,SS
0.5692,1674440,2147483648,SS
0.5694,1675620,2147483648,SS
0.5697,1676800,2147483648,SS
0.5699,1677980,2147483648,SS
0.5702,1679160,2147483648,SS
0.5705,1680340,2147483648,SS
0.5707,1681520,2147483648,SS
0.5710,1682700,2147483648,SS
0.5712,1683880,2147483648,SS
0.5715,1685060,2147483648,SS
0.5718,1686240,2147483648,SS
0.5720,1687420,2147483648,SS
0.5723,1688600,2147483648,SS
0.5726,1689780,2147483648,SS
0.5728,1690960,2147483648,SS
0.5731,1692140,2147483648,SS
0.5734,1693320,2147483648,SS
0.5736,1694500,2147483648,SS
0.5739,1695680,2147483648,SS
0.5745,851380,847840,FR
0.5748,852560,847840,FR
0.5750,853740,847840,FR
0.5752,854920,847840,FR
0.5753,856100,847840,FR
0.5755,857280,847840,FR
0.5758,847841,847840,CA
0.5772,847843,847840,CA
0.5775,847844,847840,CA
0.5777,847846,847840,CA
0.5779,847848,847840,CA
0.5783,847849,847840,CA
0.5785,847851,847840,CA
0.5788,847853,847840,CA
0.5790,847854,847840,CA
0.5792,847856,847840,CA
0.5794,847858,847840,CA
0.5796,847859,847840,CA
0.5798,847861,847840,CA
0.5800,847862,847840,CA
0.5803,847864,847840,CA
0.5805,847866,847840,CA
0.5807,847867,847840,CA
0.5809,847869,847840,CA
0.5811,847871,847840,CA
0.5813,847872,847840,CA
0.5815,847874,847840,CA
0.5817,847876,847840,CA
0.5819,847877,847840,CA
0.5822,847879,847840,CA
0.5824,847881,847840,CA
0.5826,847882,847840,CA
0.5828,847884,847840,CA
0.5830,847885,847840,CA
0.5832,847887,847840,CA
0.5834,847889,847840,CA
0.5836,847890,847840,CA
0.5839,847892,847840,CA
0.5841,847894,847840,CA
0.5844,847895,847840,CA
0.5846,847897,847840,CA
0.5848,847899,847840,CA
0.5850,847900,847840,CA
0.5852,847902,847840,CA
0.5854,847904,847840,CA
0.5856,847905,847840,CA
0.5858,847907,847840,CA
0.5860,847908,847840,CA
0.5862,847910,847840,CA
0.5864,847912,847840,CA
0.5866,847913,847840,CA
0.5868,847915,847840,CA
0.5869,847917,847840,CA
0.5871,847918,847840,CA
0.5874,847920,847840,CA
0.5875,847922,847840,CA
0.5877,847923,847840,CA
0.5879,847925,847840,CA
0.5881,847927,847840,CA
0.5884,847928,847840,CA
0.5886,847930,847840,CA
0.5888,847931,847840,CA
0.5890,847933,847840,CA
0.5892,847935,847840,CA
0.5894,847936,847840,CA
0.5895,847938,847840,CA
0.5897,847940,847840,CA
0.5899,847941,847840,CA
0.5902,847943,847840,CA
0.5904,847945,847840,CA
0.5907,847946,847840,CA
0.5909,847948,847840,CA
0.5911,847950,847840,CA
0.5913,847951,847840,CA
0.5915,847953,847840,CA
0.5917,847954,847840,CA
0.5920,847956,847840,CA
0.5922,847958,847840,CA
0.5923,847959,847840,CA
0.5925,847961,847840,CA
0.5927,847963,847840,CA
0.5929,847964,847840,CA
0.5931,847966,847840,CA
0.5932,847968,847840,CA
0.5934,847969,847840,CA
0.5936,847971,847840,CA
0.5938,847973,847840,CA
0.5940,847974,847840,CA
0.5942,847976,847840,CA
0.5943,847977,847840,CA
0.5945,847979,847840,CA
0.5947,847981,847840,CA
0.5949,847982,847840,CA
0.5950,847984,847840,CA
0.5952,847986,847840,CA
0.5954,847987,847840,CA
0.5956,847989,847840,CA
0.5957,847991,847840,CA
0.5959,847992,847840,CA
0.5961,847994,847840,CA
0.5963,847996,847840,CA
0.5965,847997,847840,CA
0.5966,847999,847840,CA
0.5968,848000,847840,CA
0.5970,848002,847840,CA
0.5972,848004,847840,CA
0.5973,848005,847840,CA
0.5975,848007,847840,CA
0.5977,848009,847840,CA
0.5979,848010,847840,CA
0.5980,848012,847840,CA
0.5982,848014,847840,CA
0.5984,848015,847840,CA
0.5986,848017,847840,CA
0.5988,848018,847840,CA
0.5989,848020,847840,CA
0.5991,848022,847840,CA
0.5993,848023,847840,CA
0.5995,848025,847840,CA
0.5997,848027,847840,CA
0.5998,848028,847840,CA
0.6000,848030,847840,CA
0.6002,848032,847840,CA
0.6004,848033,847840,CA
0.6005,848035,847840,CA
0.6007,848037,847840,CA
0.6009,848038,847840,CA
0.6010,848040,847840,CA
0.6012,848041,847840,CA
0.6014,848043,847840,CA
0.6015,848045,847840,CA
0.6017,848046,847840,CA
0.6019,848048,847840,CA
0.6020,848050,847840,CA
0.6022,848051,847840,CA
0.6024,848053,847840,CA
0.6025,848055,847840,CA
0.6027,848056,847840,CA
0.6049,848058,847840,CA
0.6051,848060,847840,CA
0.6053,848061,847840,CA
0.6055,848063,847840,CA
0.6057,848064,847840,CA
0.6058,848066,847840,CA
0.6060,848068,847840,CA
0.6062,848069,847840,CA
0.6065,848071,847840,CA
0.6066,848073,847840,CA
0.6067,848074,847840,CA
0.6069,848076,847840,CA
0.6070,848078,847840,CA
0.6072,848079,847840,CA
0.6073,848081,847840,CA
0.6074,848083,847840,CA
0.6076,848084,847840,CA
0.6077,848086,847840,CA
0.6078,848087,847840,CA
0.6080,848089,847840,CA
0.6081,848091,847840,CA
0.6083,848092,847840,CA
0.6084,848094,847840,CA
0.6085,848096,847840,CA
0.6087,848097,847840,CA
0.6088,848099,847840,CA
0.6089,848101,847840,CA
0.6091,848102,847840,CA
0.6092,848104,847840,CA
0.6093,848106,847840,CA
0.6094,848107,847840,CA
0.6095,848109,847840,CA
0.6098,848110,847840,CA
0.6099,848112,847840,CA
0.6100,848114,847840,CA
0.6103,848115,847840,CA
0.6105,848117,847840,CA
0.6106,848119,847840,CA
0.6107,848120,847840,CA
0.6108,848122,847840,CA
0.6110,848124,847840,CA
0.6111,848125,847840,CA
0.6112,848127,847840,CA
0.6114,848128,847840,CA
0.6115,848130,847840,CA
0.6116,848132,847840,CA
0.6117,848133,847840,CA
0.6118,848135,847840,CA
0.6119,848137,847840,CA
0.6120,848138,847840,CA
0.6121,848140,847840,CA
0.6122,848142,847840,CA
0.6123,848143,847840,CA
0.6125,848145,847840,CA
0.6126,848147,847840,CA
0.6127,848148,847840,CA
0.6128,848150,847840,CA
0.6129,848151,847840,CA
0.6130,848153,847840,CA
0.6131,848155,847840,CA
0.6132,848156,847840,CA
0.6133,848158,847840,CA
0.6134,848160,847840,CA
0.6135,848161,847840,CA
0.6136,848163,847840,CA
0.6137,848165,847840,CA
0.6138,848166,847840,CA
0.6139,848168,847840,CA
0.6140,848170,847840,CA
0.6142,848171,847840,CA
0.6143,848173,847840,CA
0.6144,848174,847840,CA
0.6145,848176,847840,CA
0.6146,848178,847840,CA
0.6147,848179,847840,CA
0.6148,848181,847840,CA
0.6149,848183,847840,CA
0.6150,848184,847840,CA
0.6151,848186,847840,CA
0.6154,427633,424093,FR
0.6154,428813,424093,FR
0.6155,429993,424093,FR
0.6156,431173,424093,FR
0.6156,432353,424093,FR
0.6157,433533,424093,FR
0.6158,434713,424093,FR
0.6158,435893,424093,FR
0.6159,437073,424093,FR
0.6160,438253,424093,FR
0.6160,439433,424093,FR
0.6161,440613,424093,FR
0.6162,441793,424093,FR
0.6163,442973,424093,FR
0.6163,444153,424093,FR
0.6164,445333,424093,FR
0.6165,446513,424093,FR
0.6165,447693,424093,FR
0.6166,448873,424093,FR
0.6167,450053,424093,FR
0.6167,451233,424093,FR
0.6168,452413,424093,FR
0.6169,453593,424093,FR
0.6169,454773,424093,FR
0.6170,455953,424093,FR
0.6171,457133,424093,FR
0.6171,458313,424093,FR
0.6172,459493,424093,FR
0.6173,460673,424093,FR
0.6173,461853,424093,FR
0.6174,463033,424093,FR
0.6175,464213,424093,FR
0.6175,465393,424093,FR
0.6176,466573,424093,FR
0.6177,467753,424093,FR
0.6177,468933,424093,FR
0.6178,470113,424093,FR
0.6179,471293,424093,FR
0.6179,472473,424093,FR
0.6180,473653,424093,FR
0.6181,474833,424093,FR
0.6181,476013,424093,FR
0.6182,477193,424093,FR
0.6183,478373,424093,FR
0.6184,479553,424093,FR
0.6184,480733,424093,FR
0.6185,481913,424093,FR
0.6186,483093,424093,FR
0.6186,484273,424093,FR
0.6187,485453,424093,FR
0.6188,486633,424093,FR
0.6188,487813,424093,FR
0.6189,488993,424093,FR
0.6190,490173,424093,FR
0.6190,491353,424093,FR
0.6191,492533,424093,FR
0.6192,493713,424093,FR
0.6192,494893,424093,FR
0.6193,496073,424093,FR
0.6194,497253,424093,FR
0.6194,498433,424093,FR
0.6195,499613,424093,FR
0.6196,500793,424093,FR
0.6196,501973,424093,FR
0.6197,503153,424093,FR
0.6198,504333,424093,FR
0.6198,505513,424093,FR
0.6199,506693,424093,FR
0.6200,507873,424093,FR
0.6200,509053,424093,FR
0.6201,510233,424093,FR
0.6202,511413,424093,FR
0.6202,512593,424093,FR
0.6203,513773,424093,FR
0.6204,514953,424093,FR
0.6204,516133,424093,FR
0.6205,517313,424093,FR
0.6206,518493,424093,FR
0.6206,519673,424093,FR
0.6207,520853,424093,FR
0.6208,522033,424093,FR
0.6208,523213,424093,FR
0.6209,524393,424093,FR
0.6210,525573,424093,FR
0.6210,526753,424093,FR
0.6211,527933,424093,FR
0.6212,529113,424093,FR
0.6213,530293,424093,FR
0.6213,531473,424093,FR
0.6214,532653,424093,FR
0.6214,533833,424093,FR
0.6215,535013,424093,FR
0.6216,536193,424093,FR
0.6216,537373,424093,FR
0.6217,538553,424093,FR
0.6218,539733,424093,FR
0.6218,540913,424093,FR
0.6219,542093,424093,FR
0.6220,543273,424093,FR
0.6220,544453,424093,FR
0.6221,545633,424093,FR
0.6222,546813,424093,FR
0.6223,547993,424093,FR
0.6223,549173,424093,FR
0.6224,550353,424093,FR
0.6225,551533,424093,FR
0.6225,552713,424093,FR
0.6226,553893,424093,FR
0.6227,555073,424093,FR
0.6227,556253,424093,FR
0.6228,557433,424093,FR
0.6228,558613,424093,FR
0.6229,559793,424093,FR
0.6230,560973,424093,FR
0.6230,562153,424093,FR
0.6231,563333,424093,FR
0.6232,564513,424093,FR
0.6232,565693,424093,FR
0.6233,566873,424093,FR
0.6234,568053,424093,FR
0.6234,569233,424093,FR
0.6235,570413,424093,FR
0.6236,571593,424093,FR
0.6236,572773,424093,FR
0.6237,573953,424093,FR
0.6238,575133,424093,FR
0.6238,576313,424093,FR
0.6239,577493,424093,FR
0.6240,578673,424093,FR
0.6240,579853,424093,FR
0.6241,581033,424093,FR
0.6242,582213,424093,FR
0.6243,583393,424093,FR
0.6243,584573,424093,FR
0.6244,585753,424093,FR
0.6245,586933,424093,FR
0.6245,588113,424093,FR
0.6246,589293,424093,FR
0.6246,590473,424093,FR
0.6247,591653,424093,FR
0.6248,592833,424093,FR
0.6248,594013,424093,FR
0.6249,595193,424093,FR
0.6250,596373,424093,FR
0.6250,597553,424093,FR
0.6251,598733,424093,FR
0.6252,599913,424093,FR
0.6252,601093,424093,FR
0.6253,602273,424093,FR
0.6254,603453,424093,FR
0.6254,604633,424093,FR
0.6255,605813,424093,FR
0.6256,606993,424093,FR
0.6256,608173,424093,FR
0.6257,609353,424093,FR
0.6258,610533,424093,FR
0.6258,611713,424093,FR
0.6259,612893,424093,FR
0.6260,614073,424093,FR
0.6260,615253,424093,FR
0.6261,616433,424093,FR
0.6262,617613,424093,FR
0.6263,618793,424093,FR
0.6263,619973,424093,FR
0.6264,621153,424093,FR
0.6265,622333,424093,FR
0.6265,623513,424093,FR
0.6266,624693,424093,FR
0.6267,625873,424093,FR
0.6267,627053,424093,FR
0.6268,628233,424093,FR
0.6269,629413,424093,FR
0.6269,630593,424093,FR
0.6270,631773,424093,FR
0.6271,632953,424093,FR
0.6271,634133,424093,FR
0.6272,635313,424093,FR
0.6273,636493,424093,FR
0.6273,637673,424093,FR
0.6274,638853,424093,FR
0.6275,640033,424093,FR
0.6275,641213,424093,FR
0.6276,642393,424093,FR
0.6277,643573,424093,FR
0.6277,644753,424093,FR
0.6278,645933,424093,FR
0.6278,647113,424093,FR
0.6279,648293,424093,FR
0.6280,649473,424093,FR
0.6280,650653,424093,FR
0.6281,651833,424093,FR
0.6282,653013,424093,FR
0.6282,654193,424093,FR
0.6283,655373,424093,FR
0.6284,656553,424093,FR
0.6284,657733,424093,FR
0.6285,658913,424093,FR
0.6286,660093,424093,FR
0.6286,661273,424093,FR
0.6287,662453,424093,FR
0.6288,663633,424093,FR
0.6288,664813,424093,FR
0.6289,665993,424093,FR
0.6290,667173,424093,FR
0.6290,668353,424093,FR
0.6291,669533,424093,FR
0.6292,670713,424093,FR
0.6292,671893,424093,FR
0.6293,673073,424093,FR
0.6294,674253,424093,FR
0.6294,675433,424093,FR
0.6295,676613,424093,FR
0.6296,677793,424093,FR
0.6296,678973,424093,FR
0.6297,680153,424093,FR
0.6298,681333,424093,FR
0.6298,682513,424093,FR
0.6299,683693,424093,FR
0.6300,684873,424093,FR
0.6300,686053,424093,FR
0.6301,687233,424093,FR
0.6302,688413,424093,FR
0.6302,689593,424093,FR
0.6303,690773,424093,FR
0.6304,691953,424093,FR
0.6304,693133,424093,FR
0.6305,694313,424093,FR
0.6306,695493,424093,FR
0.6306,696673,424093,FR
0.6307,697853,424093,FR
0.6308,699033,424093,FR
0.6308,700213,424093,FR
0.6309,701393,424093,FR
0.6310,702573,424093,FR
0.6310,703753,424093,FR
0.6311,704933,424093,FR
0.6312,706113,424093,FR
0.6312,707293,424093,FR
0.6313,708473,424093,FR
0.6314,709653,424093,FR
0.6314,710833,424093,FR
0.6315,712013,424093,FR
0.6316,713193,424093,FR
0.6316,714373,424093,FR
0.6317,715553,424093,FR
0.6318,716733,424093,FR
0.6318,717913,424093,FR
0.6319,719093,424093,FR
0.6320,720273,424093,FR
0.6320,721453,424093,FR
0.6321,722633,424093,FR
0.6322,723813,424093,FR
0.6322,724993,424093,FR
0.6323,726173,424093,FR
0.6324,727353,424093,FR
0.6324,728533,424093,FR
0.6325,729713,424093,FR
0.6326,730893,424093,FR
0.6326,732073,424093,FR
0.6327,733253,424093,FR
0.6327,734433,424093,FR
0.6328,735613,424093,FR
0.6329,736793,424093,FR
0.6329,737973,424093,FR
0.6330,739153,424093,FR
0.6331,740333,424093,FR
0.6331,741513,424093,FR
0.6332,742693,424093,FR
0.6333,743873,424093,FR
0.6333,745053,424093,FR
0.6334,746233,424093,FR
0.6335,747413,424093,FR
0.6335,748593,424093,FR
0.6336,749773,424093,FR
0.6337,750953,424093,FR
0.6337,752133,424093,FR
0.6338,753313,424093,FR
0.6339,754493,424093,FR
0.6339,755673,424093,FR
0.6340,756853,424093,FR
0.6341,758033,424093,FR
0.6342,759213,424093,FR
0.6342,760393,424093,FR
0.6343,761573,424093,FR
0.6344,762753,424093,FR
0.6344,763933,424093,FR
0.6345,765113,424093,FR
0.6345,766293,424093,FR
0.6346,767473,424093,FR
0.6347,768653,424093,FR
0.6347,769833,424093,FR
0.6348,771013,424093,FR
0.6349,772193,424093,FR
0.6349,773373,424093,FR
0.6350,774553,424093,FR
0.6351,775733,424093,FR
0.6351,776913,424093,FR
0.6352,778093,424093,FR
0.6353,779273,424093,FR
0.6353,780453,424093,FR
0.6354,781633,424093,FR
0.6355,782813,424093,FR
0.6355,783993,424093,FR
0.6356,785173,424093,FR
0.6357,786353,424093,FR
0.6358,787533,424093,FR
0.6358,788713,424093,FR
0.6359,789893,424093,FR
0.6360,791073,424093,FR
0.6361,792253,424093,FR
0.6362,793433,424093,FR
0.6362,794613,424093,FR
0.6363,795793,424093,FR
0.6364,796973,424093,FR
0.6364,798153,424093,FR
0.6365,799333,424093,FR
0.6366,800513,424093,FR
0.6366,801693,424093,FR
0.6367,802873,424093,FR
0.6368,804053,424093,FR
0.6368,805233,424093,FR
0.6369,806413,424093,FR
0.6370,807593,424093,FR
0.6370,808773,424093,FR
0.6371,809953,424093,FR
0.6372,811133,424093,FR
0.6372,812313,424093,FR
0.6373,813493,424093,FR
0.6374,814673,424093,FR
0.6374,815853,424093,FR
0.6375,817033,424093,FR
0.6376,818213,424093,FR
0.6376,819393,424093,FR
0.6377,820573,424093,FR
0.6378,821753,424093,FR
0.6378,822933,424093,FR
0.6379,824113,424093,FR
0.6380,825293,424093,FR
0.6380,826473,424093,FR
0.6381,827653,424093,FR
0.6382,828833,424093,FR
0.6382,830013,424093,FR
0.6383,831193,424093,FR
0.6384,832373,424093,FR
0.6384,833553,424093,FR
0.6385,834733,424093,FR
0.6386,835913,424093,FR
0.6386,837093,424093,FR
0.6387,838273,424093,FR
0.6388,839453,424093,FR
0.6388,840633,424093,FR
0.6389,841813,424093,FR
0.6390,842993,424093,FR
0.6390,844173,424093,FR
0.6391,845353,424093,FR
0.6392,846533,424093,FR
0.6393,847713,424093,FR
0.6393,848893,424093,FR
0.6394,850073,424093,FR
0.6395,851253,424093,FR
0.6395,852433,424093,FR
0.6396,853613,424093,FR
0.6397,854793,424093,FR
0.6397,855973,424093,FR
0.6398,857153,424093,FR
0.6399,858333,424093,FR
0.6399,859513,424093,FR
0.6400,860693,424093,FR
0.6401,861873,424093,FR
0.6401,863053,424093,FR
0.6402,864233,424093,FR
0.6403,865413,424093,FR
0.6403,866593,424093,FR
0.6404,867773,424093,FR
0.6405,868953,424093,FR
0.6405,870133,424093,FR
0.6406,871313,424093,FR
0.6407,872493,424093,FR
0.6407,873673,424093,FR
0.6408,874853,424093,FR
0.6409,876033,424093,FR
0.6409,877213,424093,FR
0.6410,878393,424093,FR
0.6411,879573,424093,FR
0.6411,880753,424093,FR
0.6412,881933,424093,FR
0.6413,883113,424093,FR
0.6413,884293,424093,FR
0.6414,885473,424093,FR
0.6415,886653,424093,FR
0.6416,887833,424093,FR
0.6416,889013,424093,FR
0.6417,890193,424093,FR
0.6418,891373,424093,FR
0.6418,892553,424093,FR
0.6419,893733,424093,FR
0.6420,894913,424093,FR
0.6421,896093,424093,FR
0.6422,897273,424093,FR
0.6422,898453,424093,FR
0.6423,899633,424093,FR
0.6424,900813,424093,FR
0.6425,901993,424093,FR
0.6425,903173,424093,FR
0.6426,904353,424093,FR
0.6439,905533,424093,FR
0.6440,906713,424093,FR
0.6441,907893,424093,FR
0.6441,909073,424093,FR
0.6442,910253,424093,FR
0.6443,911433,424093,FR
0.6444,912613,424093,FR
0.6444,913793,424093,FR
0.6445,914973,424093,FR
0.6446,916153,424093,FR
0.6447,917333,424093,FR
0.6447,918513,424093,FR
0.6448,919693,424093,FR
0.6449,920873,424093,FR
0.6450,922053,424093,FR
0.6450,923233,424093,FR
0.6451,924413,424093,FR
0.6452,925593,424093,FR
0.6453,926773,424093,FR
0.6454,927953,424093,FR
0.6454,929133,424093,FR
0.6455,930313,424093,FR
0.6456,931493,424093,FR
0.6457,932673,424093,FR
0.6457,933853,424093,FR
0.6458,935033,424093,FR
0.6459,936213,424093,FR
0.6460,937393,424093,FR
0.6460,938573,424093,FR
0.6461,939753,424093,FR
0.6462,940933,424093,FR
0.6463,942113,424093,FR
0.6464,943293,424093,FR
0.6465,944473,424093,FR
0.6466,945653,424093,FR
0.6466,946833,424093,FR
0.6467,948013,424093,FR
0.6468,949193,424093,FR
0.6469,950373,424093,FR
0.6470,951553,424093,FR
0.6471,952733,424093,FR
0.6472,953913,424093,FR
0.6473,955093,424093,FR
0.6474,956273,424093,FR
0.6474,957453,424093,FR
0.6475,958633,424093,FR
0.6476,959813,424093,FR
0.6477,960993,424093,FR
0.6478,962173,424093,FR
0.6479,963353,424093,FR
0.6479,964533,424093,FR
0.6480,965713,424093,FR
0.6481,966893,424093,FR
0.6482,968073,424093,FR
0.6483,969253,424093,FR
0.6483,970433,424093,FR
0.6555,424096,424093,CA
0.6817,215588,212048,FR
0.6818,216768,212048,FR
0.6819,217948,212048,FR
0.6820,219128,212048,FR
0.6821,220308,212048,FR
0.6822,221488,212048,FR
0.6822,222668,212048,FR
0.6823,223848,212048,FR
0.6824,225028,212048,FR
0.6824,226208,212048,FR
0.6825,227388,212048,FR
0.6826,228568,212048,FR
0.6827,229748,212048,FR
0.6827,230928,212048,FR
0.6828,232108,212048,FR
0.6840,233288,212048,FR
0.6841,234468,212048,FR
0.6842,235648,212048,FR
0.6842,236828,212048,FR
0.6843,238008,212048,FR
0.6844,239188,212048,FR
0.6845,240368,212048,FR
0.6845,241548,212048,FR
0.6846,242728,212048,FR
0.6848,243908,212048,FR
0.6848,245088,212048,FR
0.6849,246268,212048,FR
0.6850,247448,212048,FR
0.6850,248628,212048,FR
0.6851,249808,212048,FR
0.6852,250988,212048,FR
0.6853,252168,212048,FR
0.6853,253348,212048,FR
0.6854,254528,212048,FR
0.6855,255708,212048,FR
0.6856,256888,212048,FR
0.6856,258068,212048,FR
0.6857,259248,212048,FR
0.6858,260428,212048,FR
0.6859,261608,212048,FR
0.6860,262788,212048,FR
0.6860,263968,212048,FR
0.6861,265148,212048,FR
0.6863,266328,212048,FR
0.6863,267508,212048,FR
0.6864,268688,212048,FR
0.6865,269868,212048,FR
0.6865,271048,212048,FR
0.6866,272228,212048,FR
0.6867,273408,212048,FR
0.6868,274588,212048,FR
0.6869,275768,212048,FR
0.6870,276948,212048,FR
0.6871,278128,212048,FR
0.6872,279308,212048,FR
0.6873,280488,212048,FR
0.6873,281668,212048,FR
0.6874,282848,212048,FR
0.6875,284028,212048,FR
0.6876,285208,212048,FR
0.6876,286388,212048,FR
0.6877,287568,212048,FR
0.6878,288748,212048,FR
0.6879,289928,212048,FR
0.6879,291108,212048,FR
0.6880,292288,212048,FR
0.6882,293468,212048,FR
0.6882,294648,212048,FR
0.6883,295828,212048,FR
0.6884,297008,212048,FR
0.6885,298188,212048,FR
0.6885,299368,212048,FR
0.7196,1200,149684,SS
0.7220,2380,149684,SS
0.7600,3560,149684,SS
0.9195,1200,2360,SS
0.9601,2380,2360,CA
1.3193,1200,2360,SS
1.3596,2380,2360,CA
2.1189,1200,2360,SS
2.1610,2380,2360,CA
2.3537,1200,2360,SS
2.3948,2380,2360,CA
4.1664,1200,2360,SS
4.2068,2380,2360,CA
7.7925,1200,2360,SS
7.8334,2380,2360,CA
